{"Logistic Regression": 0.7269542588329496, "Random Forest": 0.7242518266439796}